-- Thêm dữ liệu vào bảng `user`
INSERT INTO `user` (`iduser`, `idrole`, `username`, `password`, `birthday`, `phone`, `status`, `createAt`) VALUES
(1, 1, 'admin1', 'hashed_password_1', '1990-01-01', '0123456781', 1, '2025-08-11 08:00:00'),
(2, 2, 'owner1', 'hashed_password_2', '1985-05-15', '0987654321', 1, '2025-08-11 08:15:00'),
(3, 3, 'customer1', 'hashed_password_3', '1995-07-20', '0912345671', 1, '2025-08-11 08:30:00'),
(4, 3, 'customer2', 'hashed_password_4', '1998-03-10', '0908765432', 2, '2025-08-11 08:45:00'),
(5, 1, 'admin2', 'hashed_password_5', '1988-02-14', '0123456782', 1, '2025-08-11 09:00:00'),
(6, 2, 'owner2', 'hashed_password_6', '1987-06-22', '0987654322', 1, '2025-08-11 09:15:00'),
(7, 3, 'customer3', 'hashed_password_7', '1993-09-12', '0912345672', 1, '2025-08-11 09:30:00'),
(8, 3, 'customer4', 'hashed_password_8', '1996-11-05', '0908765433', 1, '2025-08-11 09:45:00'),
(9, 1, 'admin3', 'hashed_password_9', '1989-04-25', '0123456783', 1, '2025-08-11 10:00:00'),
(10, 2, 'owner3', 'hashed_password_10', '1986-08-30', '0987654323', 1, '2025-08-11 10:15:00'),
(11, 3, 'customer5', 'hashed_password_11', '1994-12-15', '0912345673', 1, '2025-08-11 10:30:00'),
(12, 3, 'customer6', 'hashed_password_12', '1997-01-20', '0908765434', 2, '2025-08-11 10:45:00'),
(13, 1, 'admin4', 'hashed_password_13', '1991-03-10', '0123456784', 1, '2025-08-11 11:00:00'),
(14, 2, 'owner4', 'hashed_password_14', '1984-07-25', '0987654324', 1, '2025-08-11 11:15:00'),
(15, 3, 'customer7', 'hashed_password_15', '1992-05-18', '0912345674', 1, '2025-08-11 11:30:00'),
(16, 3, 'customer8', 'hashed_password_16', '1999-09-30', '0908765435', 1, '2025-08-11 11:45:00'),
(17, 1, 'admin5', 'hashed_password_17', '1990-06-12', '0123456785', 1, '2025-08-11 12:00:00'),
(18, 2, 'owner5', 'hashed_password_18', '1983-10-05', '0987654325', 1, '2025-08-11 12:15:00'),
(19, 3, 'customer9', 'hashed_password_19', '1996-02-28', '0912345675', 1, '2025-08-11 12:30:00'),
(20, 3, 'customer10', 'hashed_password_20', '1998-04-15', '0908765436', 2, '2025-08-11 12:45:00');

-- Thêm dữ liệu vào bảng `store`
INSERT INTO `store` (`idstore`, `storeName`, `createAt`, `iduser`) VALUES
(1, 'Tech Store 1', '2025-08-11 13:00:00', 2),
(2, 'Fashion Hub 1', '2025-08-11 13:15:00', 2),
(3, 'Tech Store 2', '2025-08-11 13:30:00', 6),
(4, 'Fashion Hub 2', '2025-08-11 13:45:00', 6),
(5, 'Gadget World 1', '2025-08-11 14:00:00', 10),
(6, 'Clothing Corner 1', '2025-08-11 14:15:00', 10),
(7, 'Tech Store 3', '2025-08-11 14:30:00', 14),
(8, 'Fashion Hub 3', '2025-08-11 14:45:00', 14),
(9, 'Gadget World 2', '2025-08-11 15:00:00', 18),
(10, 'Clothing Corner 2', '2025-08-11 15:15:00', 18),
(11, 'Tech Store 4', '2025-08-11 15:30:00', 2),
(12, 'Fashion Hub 4', '2025-08-11 15:45:00', 6),
(13, 'Gadget World 3', '2025-08-11 16:00:00', 10),
(14, 'Clothing Corner 3', '2025-08-11 16:15:00', 14),
(15, 'Tech Store 5', '2025-08-11 16:30:00', 18),
(16, 'Fashion Hub 5', '2025-08-11 16:45:00', 2),
(17, 'Gadget World 4', '2025-08-11 17:00:00', 6),
(18, 'Clothing Corner 4', '2025-08-11 17:15:00', 10),
(19, 'Tech Store 6', '2025-08-11 17:30:00', 14),
(20, 'Fashion Hub 6', '2025-08-11 17:45:00', 18);

-- Thêm dữ liệu vào bảng `category`
INSERT INTO `category` (`idcategory`, `nameCategory`, `createAt`, `description`, `idstore`) VALUES
(1, 'Electronics 1', '2025-08-11 18:00:00', 'Smartphones and gadgets', 1),
(2, 'Clothing 1', '2025-08-11 18:15:00', 'Men and women clothing', 2),
(3, 'Accessories 1', '2025-08-11 18:30:00', 'Phone accessories', 3),
(4, 'Footwear 1', '2025-08-11 18:45:00', 'Shoes and sandals', 4),
(5, 'Laptops 1', '2025-08-11 19:00:00', 'High-performance laptops', 5),
(6, 'Jackets 1', '2025-08-11 19:15:00', 'Winter and casual jackets', 6),
(7, 'Tablets 1', '2025-08-11 19:30:00', 'Portable tablets', 7),
(8, 'Hats 1', '2025-08-11 19:45:00', 'Fashionable hats', 8),
(9, 'Smartwatches 1', '2025-08-11 20:00:00', 'Wearable technology', 9),
(10, 'Bags 1', '2025-08-11 20:15:00', 'Backpacks and handbags', 10),
(11, 'Electronics 2', '2025-08-11 20:30:00', 'Advanced electronics', 11),
(12, 'Clothing 2', '2025-08-11 20:45:00', 'Casual clothing', 12),
(13, 'Accessories 2', '2025-08-11 21:00:00', 'Gadget accessories', 13),
(14, 'Footwear 2', '2025-08-11 21:15:00', 'Sneakers and boots', 14),
(15, 'Laptops 2', '2025-08-11 21:30:00', 'Budget laptops', 15),
(16, 'Jackets 2', '2025-08-11 21:45:00', 'Designer jackets', 16),
(17, 'Tablets 2', '2025-08-11 22:00:00', 'Gaming tablets', 17),
(18, 'Hats 2', '2025-08-11 22:15:00', 'Sports hats', 18),
(19, 'Smartwatches 2', '2025-08-11 22:30:00', 'Fitness trackers', 19),
(20, 'Bags 2', '2025-08-11 22:45:00', 'Travel bags', 20);

-- Thêm dữ liệu vào bảng `product`
INSERT INTO `product` (`idproduct`, `idcategory`, `productName`, `productCode`, `description`, `price`, `quantity`, `createAt`) VALUES
(1, 1, 'Smartphone X1', 'SPX001', 'Latest smartphone 128GB', 699.990, '50', '2025-08-11 23:00:00'),
(2, 2, 'T-Shirt Blue', 'TSB001', 'Comfortable cotton t-shirt', 19.990, '100', '2025-08-11 23:15:00'),
(3, 3, 'Phone Case 1', 'PC001', 'Durable phone case', 9.990, '200', '2025-08-11 23:30:00'),
(4, 4, 'Sneakers 1', 'SNK001', 'Stylish sneakers', 59.990, '80', '2025-08-11 23:45:00'),
(5, 5, 'Laptop Pro 1', 'LTP001', 'High-performance laptop', 1299.990, '20', '2025-08-12 00:00:00'),
(6, 6, 'Winter Jacket 1', 'WJ001', 'Warm winter jacket', 89.990, '50', '2025-08-12 00:15:00'),
(7, 7, 'Tablet X1', 'TBX001', 'Portable tablet 64GB', 399.990, '30', '2025-08-12 00:30:00'),
(8, 8, 'Cap 1', 'CAP001', 'Fashionable cap', 14.990, '150', '2025-08-12 00:45:00'),
(9, 9, 'Smartwatch 1', 'SW001', 'Fitness smartwatch', 199.990, '40', '2025-08-12 01:00:00'),
(10, 10, 'Backpack 1', 'BKP001', 'Spacious backpack', 49.990, '60', '2025-08-12 01:15:00'),
(11, 11, 'Smartphone X2', 'SPX002', 'Smartphone 256GB', 799.990, '45', '2025-08-12 01:30:00'),
(12, 12, 'T-Shirt Red', 'TSR001', 'Cotton red t-shirt', 19.990, '90', '2025-08-12 01:45:00'),
(13, 13, 'Phone Case 2', 'PC002', 'Slim phone case', 8.990, '180', '2025-08-12 02:00:00'),
(14, 14, 'Boots 1', 'BTS001', 'Durable boots', 69.990, '70', '2025-08-12 02:15:00'),
(15, 15, 'Laptop Basic 1', 'LTB001', 'Budget laptop', 599.990, '25', '2025-08-12 02:30:00'),
(16, 16, 'Designer Jacket 1', 'DJ001', 'Stylish jacket', 99.990, '40', '2025-08-12 02:45:00'),
(17, 17, 'Tablet X2', 'TBX002', 'Tablet 128GB', 499.990, '35', '2025-08-12 03:00:00'),
(18, 18, 'Sports Cap 1', 'SCP001', 'Sports cap', 12.990, '120', '2025-08-12 03:15:00'),
(19, 19, 'Smartwatch 2', 'SW002', 'Advanced smartwatch', 249.990, '30', '2025-08-12 03:30:00'),
(20, 20, 'Travel Bag 1', 'TBG001', 'Large travel bag', 79.990, '50', '2025-08-12 03:45:00');

-- Thêm dữ liệu vào bảng `cart`
INSERT INTO `cart` (`idcart`, `createAt`, `iduser`) VALUES
(1, '2025-08-12 04:00:00', 3),
(2, '2025-08-12 04:15:00', 3),
(3, '2025-08-12 04:30:00', 4),
(4, '2025-08-12 04:45:00', 7),
(5, '2025-08-12 05:00:00', 7),
(6, '2025-08-12 05:15:00', 8),
(7, '2025-08-12 05:30:00', 11),
(8, '2025-08-12 05:45:00', 11),
(9, '2025-08-12 06:00:00', 12),
(10, '2025-08-12 06:15:00', 15),
(11, '2025-08-12 06:30:00', 15),
(12, '2025-08-12 06:45:00', 16),
(13, '2025-08-12 07:00:00', 19),
(14, '2025-08-12 07:15:00', 19),
(15, '2025-08-12 07:30:00', 20),
(16, '2025-08-12 07:45:00', 3),
(17, '2025-08-12 08:00:00', 4),
(18, '2025-08-12 08:15:00', 7),
(19, '2025-08-12 08:30:00', 8),
(20, '2025-08-12 08:45:00', 11);

-- Thêm dữ liệu vào bảng `cartitem`
INSERT INTO `cartitem` (`idcartItem`, `idcart`, `idproduct`, `quantity`) VALUES
(1, 1, 1, '2'),
(2, 1, 2, '1'),
(3, 2, 3, '3'),
(4, 2, 4, '1'),
(5, 3, 5, '1'),
(6, 3, 6, '2'),
(7, 4, 7, '1'),
(8, 4, 8, '2'),
(9, 5, 9, '1'),
(10, 5, 10, '1'),
(11, 6, 11, '2'),
(12, 6, 12, '1'),
(13, 7, 13, '3'),
(14, 7, 14, '1'),
(15, 8, 15, '1'),
(16, 8, 16, '2'),
(17, 9, 17, '1'),
(18, 9, 18, '2'),
(19, 10, 19, '1'),
(20, 10, 20, '1');

-- Thêm dữ liệu vào bảng `orders`
INSERT INTO `orders` (`idorders`, `customerId`, `totalPrice`, `statusOder`, `orderscol`, `createAt`) VALUES
(1, 3, 719.980, 1, 'Order 1', '2025-08-12 09:00:00'),
(2, 3, 29.990, 2, 'Order 2', '2025-08-12 09:15:00'),
(3, 4, 29.970, 1, 'Order 3', '2025-08-12 09:30:00'),
(4, 4, 59.990, 3, 'Order 4', '2025-08-12 09:45:00'),
(5, 7, 1299.990, 1, 'Order 5', '2025-08-12 10:00:00'),
(6, 7, 179.980, 2, 'Order 6', '2025-08-12 10:15:00'),
(7, 8, 399.990, 1, 'Order 7', '2025-08-12 10:30:00'),
(8, 8, 29.980, 3, 'Order 8', '2025-08-12 10:45:00'),
(9, 11, 199.990, 1, 'Order 9', '2025-08-12 11:00:00'),
(10, 11, 49.990, 2, 'Order 10', '2025-08-12 11:15:00'),
(11, 12, 799.990, 1, 'Order 11', '2025-08-12 11:30:00'),
(12, 12, 19.990, 3, 'Order 12', '2025-08-12 11:45:00'),
(13, 15, 26.970, 1, 'Order 13', '2025-08-12 12:00:00'),
(14, 15, 69.990, 2, 'Order 14', '2025-08-12 12:15:00'),
(15, 16, 599.990, 1, 'Order 15', '2025-08-12 12:30:00'),
(16, 16, 199.980, 3, 'Order 16', '2025-08-12 12:45:00'),
(17, 19, 499.990, 1, 'Order 17', '2025-08-12 13:00:00'),
(18, 19, 25.980, 2, 'Order 18', '2025-08-12 13:15:00'),
(19, 20, 249.990, 1, 'Order 19', '2025-08-12 13:30:00'),
(20, 20, 79.990, 3, 'Order 20', '2025-08-12 13:45:00');

-- Thêm dữ liệu vào bảng `oderitem`
INSERT INTO `oderitem` (`idoderItem`, `idorders`, `idproduct`, `quantity`, `price`) VALUES
(1, 1, 1, '1', '699.990'),
(2, 1, 2, '1', '19.990'),
(3, 2, 3, '1', '9.990'),
(4, 2, 4, '1', '19.990'),
(5, 3, 5, '1', '9.990'),
(6, 3, 6, '2', '9.990'),
(7, 4, 7, '1', '59.990'),
(8, 4, 8, '1', '0.000'),
(9, 5, 9, '1', '1299.990'),
(10, 5, 10, '1', '0.000'),
(11, 6, 11, '1', '89.990'),
(12, 6, 12, '1', '89.990'),
(13, 7, 13, '1', '399.990'),
(14, 7, 14, '1', '0.000'),
(15, 8, 15, '1', '14.990'),
(16, 8, 16, '1', '14.990'),
(17, 9, 17, '1', '199.990'),
(18, 9, 18, '1', '0.000'),
(19, 10, 19, '1', '49.990'),
(20, 10, 20, '1', '0.000');
