-- Thêm 50 user mới (ID từ 21-70)
INSERT INTO `user` (`iduser`, `idrole`, `username`, `password`, `birthday`, `phone`, `status`, `createAt`) VALUES
(21, 3, 'customer11', 'hashed_password_21', '1992-06-18', '0912345676', 1, '2025-08-12 14:00:00'),
(22, 3, 'customer12', 'hashed_password_22', '1994-08-22', '0908765437', 1, '2025-08-12 14:15:00'),
(23, 2, 'owner6', 'hashed_password_23', '1981-12-03', '0987654326', 1, '2025-08-12 14:30:00'),
(24, 3, 'customer13', 'hashed_password_24', '1997-11-15', '0912345677', 2, '2025-08-12 14:45:00'),
(25, 1, 'admin6', 'hashed_password_25', '1985-09-08', '0123456786', 1, '2025-08-12 15:00:00'),
(26, 3, 'customer14', 'hashed_password_26', '1993-04-12', '0908765438', 1, '2025-08-12 15:15:00'),
(27, 2, 'owner7', 'hashed_password_27', '1980-07-19', '0987654327', 1, '2025-08-12 15:30:00'),
(28, 3, 'customer15', 'hashed_password_28', '1995-10-24', '0912345678', 1, '2025-08-12 15:45:00'),
(29, 3, 'customer16', 'hashed_password_29', '1989-01-30', '0908765439', 1, '2025-08-12 16:00:00'),
(30, 1, 'admin7', 'hashed_password_30', '1987-03-17', '0123456787', 1, '2025-08-12 16:15:00'),
(31, 3, 'customer17', 'hashed_password_31', '1996-05-26', '0912345679', 1, '2025-08-12 16:30:00'),
(32, 3, 'customer18', 'hashed_password_32', '1991-08-14', '0908765440', 1, '2025-08-12 16:45:00'),
(33, 2, 'owner8', 'hashed_password_33', '1982-11-09', '0987654328', 1, '2025-08-12 17:00:00'),
(34, 3, 'customer19', 'hashed_password_34', '1998-02-21', '0912345680', 2, '2025-08-12 17:15:00'),
(35, 3, 'customer20', 'hashed_password_35', '1994-07-05', '0908765441', 1, '2025-08-12 17:30:00'),
(36, 1, 'admin8', 'hashed_password_36', '1986-12-28', '0123456788', 1, '2025-08-12 17:45:00'),
(37, 3, 'customer21', 'hashed_password_37', '1992-09-13', '0912345681', 1, '2025-08-12 18:00:00'),
(38, 2, 'owner9', 'hashed_password_38', '1979-04-07', '0987654329', 1, '2025-08-12 18:15:00'),
(39, 3, 'customer22', 'hashed_password_39', '1997-06-16', '0908765442', 1, '2025-08-12 18:30:00'),
(40, 3, 'customer23', 'hashed_password_40', '1990-10-11', '0912345682', 1, '2025-08-12 18:45:00'),
(41, 1, 'admin9', 'hashed_password_41', '1988-01-04', '0123456789', 1, '2025-08-12 19:00:00'),
(42, 3, 'customer24', 'hashed_password_42', '1993-03-29', '0908765443', 1, '2025-08-12 19:15:00'),
(43, 3, 'customer25', 'hashed_password_43', '1995-12-18', '0912345683', 1, '2025-08-12 19:30:00'),
(44, 2, 'owner10', 'hashed_password_44', '1983-08-25', '0987654330', 1, '2025-08-12 19:45:00'),
(45, 3, 'customer26', 'hashed_password_45', '1999-05-02', '0908765444', 2, '2025-08-12 20:00:00'),
(46, 3, 'customer27', 'hashed_password_46', '1991-11-07', '0912345684', 1, '2025-08-12 20:15:00'),
(47, 1, 'admin10', 'hashed_password_47', '1984-02-14', '0123456790', 1, '2025-08-12 20:30:00'),
(48, 3, 'customer28', 'hashed_password_48', '1996-07-23', '0908765445', 1, '2025-08-12 20:45:00'),
(49, 3, 'customer29', 'hashed_password_49', '1992-04-01', '0912345685', 1, '2025-08-12 21:00:00'),
(50, 2, 'owner11', 'hashed_password_50', '1981-09-12', '0987654331', 1, '2025-08-12 21:15:00'),
(51, 3, 'customer30', 'hashed_password_51', '1998-01-08', '0908765446', 1, '2025-08-12 21:30:00'),
(52, 3, 'customer31', 'hashed_password_52', '1994-06-15', '0912345686', 1, '2025-08-12 21:45:00'),
(53, 1, 'admin11', 'hashed_password_53', '1987-10-20', '0123456791', 1, '2025-08-12 22:00:00'),
(54, 3, 'customer32', 'hashed_password_54', '1995-03-06', '0908765447', 1, '2025-08-12 22:15:00'),
(55, 2, 'owner12', 'hashed_password_55', '1980-05-27', '0987654332', 1, '2025-08-12 22:30:00'),
(56, 3, 'customer33', 'hashed_password_56', '1997-08-31', '0912345687', 2, '2025-08-12 22:45:00'),
(57, 3, 'customer34', 'hashed_password_57', '1993-12-04', '0908765448', 1, '2025-08-12 23:00:00'),
(58, 1, 'admin12', 'hashed_password_58', '1989-07-17', '0123456792', 1, '2025-08-12 23:15:00'),
(59, 3, 'customer35', 'hashed_password_59', '1996-11-22', '0912345688', 1, '2025-08-12 23:30:00'),
(60, 3, 'customer36', 'hashed_password_60', '1990-02-09', '0908765449', 1, '2025-08-12 23:45:00'),
(61, 2, 'owner13', 'hashed_password_61', '1982-04-13', '0987654333', 1, '2025-08-13 00:00:00'),
(62, 3, 'customer37', 'hashed_password_62', '1998-09-26', '0912345689', 1, '2025-08-13 00:15:00'),
(63, 3, 'customer38', 'hashed_password_63', '1994-01-18', '0908765450', 1, '2025-08-13 00:30:00'),
(64, 1, 'admin13', 'hashed_password_64', '1986-06-03', '0123456793', 1, '2025-08-13 00:45:00'),
(65, 3, 'customer39', 'hashed_password_65', '1992-10-28', '0912345690', 1, '2025-08-13 01:00:00'),
(66, 3, 'customer40', 'hashed_password_66', '1995-05-14', '0908765451', 2, '2025-08-13 01:15:00'),
(67, 2, 'owner14', 'hashed_password_67', '1983-08-07', '0987654334', 1, '2025-08-13 01:30:00'),
(68, 3, 'customer41', 'hashed_password_68', '1997-12-19', '0912345691', 1, '2025-08-13 01:45:00'),
(69, 1, 'admin14', 'hashed_password_69', '1985-03-25', '0123456794', 1, '2025-08-13 02:00:00'),
(70, 3, 'customer42', 'hashed_password_70', '1991-07-11', '0908765452', 1, '2025-08-13 02:15:00');

-- Thêm stores mới (chỉ cho một số owner, một số owner không có store)
INSERT INTO `store` (`idstore`, `storeName`, `createAt`, `iduser`) VALUES
(21, 'Book Store 1', '2025-08-13 02:30:00', 23),
(22, 'Sports Shop 1', '2025-08-13 02:45:00', 23),
(23, 'Home Decor 1', '2025-08-13 03:00:00', 27),
(24, 'Electronics Plus', '2025-08-13 03:15:00', 33),
(25, 'Beauty Corner', '2025-08-13 03:30:00', 33),
(26, 'Pet Store 1', '2025-08-13 03:45:00', 38),
(27, 'Auto Parts 1', '2025-08-13 04:00:00', 44),
(28, 'Garden Center', '2025-08-13 04:15:00', 44),
(29, 'Toy World 1', '2025-08-13 04:30:00', 50),
(30, 'Music Store 1', '2025-08-13 04:45:00', 55);
-- Owner 61, 67 sẽ không có store

-- Thêm categories (chỉ cho một số store, một số store không có category)
-- LƯU Ý: idcategory KHÔNG có AUTO_INCREMENT nên phải chỉ định rõ ID
INSERT INTO `category` (`idcategory`, `nameCategory`, `createAt`, `description`, `idstore`) VALUES
(21, 'Fiction Books', '2025-08-13 05:00:00', 'Novels and fiction literature', 21),
(22, 'Non-Fiction', '2025-08-13 05:15:00', 'Educational and reference books', 21),
(23, 'Basketball', '2025-08-13 05:30:00', 'Basketball equipment and gear', 22),
(24, 'Living Room', '2025-08-13 05:45:00', 'Furniture and decor for living room', 23),
(25, 'Gaming', '2025-08-13 06:00:00', 'Gaming consoles and accessories', 24),
(26, 'Skincare', '2025-08-13 06:15:00', 'Face and body care products', 25),
(27, 'Dog Supplies', '2025-08-13 06:30:00', 'Food and accessories for dogs', 26),
(28, 'Engine Parts', '2025-08-13 06:45:00', 'Car engine components', 27),
(29, 'Indoor Plants', '2025-08-13 07:00:00', 'Houseplants and accessories', 28),
(30, 'Action Figures', '2025-08-13 07:15:00', 'Collectible action figures', 29);
-- Store 30 sẽ không có category

-- Thêm products (chỉ cho một số category, một số category không có product)
-- LƯU Ý: quantity là VARCHAR(5) trong schema
INSERT INTO `product` (`idproduct`, `idcategory`, `productName`, `productCode`, `description`, `price`, `quantity`, `createAt`) VALUES
(21, 21, 'Mystery Novel 1', 'MN001', 'Thrilling mystery book', 15.990, '75', '2025-08-13 07:30:00'),
(22, 21, 'Romance Novel 1', 'RN001', 'Heartwarming love story', 14.990, '85', '2025-08-13 07:45:00'),
(23, 22, 'Science Textbook', 'ST001', 'Comprehensive science guide', 45.990, '30', '2025-08-13 08:00:00'),
(24, 23, 'Basketball 1', 'BB001', 'Professional basketball', 29.990, '40', '2025-08-13 08:15:00'),
(25, 23, 'Basketball Shoes', 'BBS001', 'High-performance shoes', 89.990, '25', '2025-08-13 08:30:00'),
(26, 24, 'Sofa Set', 'SS001', '3-piece sofa set', 899.990, '15', '2025-08-13 08:45:00'),
(27, 25, 'Gaming Console', 'GC001', 'Latest gaming console', 499.990, '20', '2025-08-13 09:00:00'),
(28, 25, 'Gaming Headset', 'GH001', 'Wireless gaming headset', 79.990, '50', '2025-08-13 09:15:00'),
(29, 26, 'Face Cream', 'FC001', 'Anti-aging face cream', 39.990, '60', '2025-08-13 09:30:00'),
(30, 27, 'Dog Food Premium', 'DFP001', 'High-quality dog food 5kg', 35.990, '100', '2025-08-13 09:45:00'),
(31, 28, 'Oil Filter', 'OF001', 'Car oil filter', 12.990, '200', '2025-08-13 10:00:00'),
(32, 29, 'Monstera Plant', 'MP001', 'Beautiful indoor plant', 25.990, '45', '2025-08-13 10:15:00'),
(33, 30, 'Superhero Figure', 'SF001', 'Collectible superhero figure', 19.990, '80', '2025-08-13 10:30:00');
-- Category 22, 24, 26 sẽ không có product (để test trường hợp category không có product)

-- Thêm carts cho customers
INSERT INTO `cart` (`idcart`, `createAt`, `iduser`) VALUES
(21, '2025-08-13 10:45:00', 21),
(22, '2025-08-13 11:00:00', 22),
(23, '2025-08-13 11:15:00', 24),
(24, '2025-08-13 11:30:00', 26),
(25, '2025-08-13 11:45:00', 28),
(26, '2025-08-13 12:00:00', 31),
(27, '2025-08-13 12:15:00', 32),
(28, '2025-08-13 12:30:00', 34),
(29, '2025-08-13 12:45:00', 35),
(30, '2025-08-13 13:00:00', 37),
(31, '2025-08-13 13:15:00', 39),
(32, '2025-08-13 13:30:00', 42),
(33, '2025-08-13 13:45:00', 43),
(34, '2025-08-13 14:00:00', 46),
(35, '2025-08-13 14:15:00', 48),
(36, '2025-08-13 14:30:00', 49),
(37, '2025-08-13 14:45:00', 52),
(38, '2025-08-13 15:00:00', 54),
(39, '2025-08-13 15:15:00', 57),
(40, '2025-08-13 15:30:00', 59);

-- Thêm cart items
-- LƯU Ý: quantity là VARCHAR(10) trong schema
INSERT INTO `cartitem` (`idcartItem`, `idcart`, `idproduct`, `quantity`) VALUES
(21, 21, 21, '2'),
(22, 21, 22, '1'),
(23, 22, 23, '1'),
(24, 22, 24, '2'),
(25, 23, 25, '1'),
(26, 23, 26, '1'),
(27, 24, 27, '1'),
(28, 24, 28, '2'),
(29, 25, 29, '3'),
(30, 25, 30, '2'),
(31, 26, 31, '5'),
(32, 26, 32, '1'),
(33, 27, 33, '2'),
(34, 27, 21, '1'),
(35, 28, 22, '3'),
(36, 28, 23, '1'),
(37, 29, 24, '2'),
(38, 29, 25, '1'),
(39, 30, 26, '1'),
(40, 30, 27, '1');

-- Thêm orders với nhiều trạng thái khác nhau 
-- LƯU Ý: idorders KHÔNG có AUTO_INCREMENT nên phải chỉ định rõ ID
-- Trạng thái: 1=Pending, 2=Complete, 3=Cancel (theo comment trong schema)
INSERT INTO `orders` (`idorders`, `customerId`, `totalPrice`, `statusOder`, `orderscol`, `createAt`) VALUES
(21, 21, 46.970, 1, 'Order 21', '2025-08-13 15:45:00'),
(22, 22, 105.970, 2, 'Order 22', '2025-08-13 16:00:00'),
(23, 24, 989.980, 3, 'Order 23', '2025-08-13 16:15:00'),
(24, 26, 659.970, 1, 'Order 24', '2025-08-13 16:30:00'),
(25, 28, 191.960, 2, 'Order 25', '2025-08-13 16:45:00'),
(26, 31, 90.940, 3, 'Order 26', '2025-08-13 17:00:00'),
(27, 32, 65.970, 1, 'Order 27', '2025-08-13 17:15:00'),
(28, 34, 59.970, 2, 'Order 28', '2025-08-13 17:30:00'),
(29, 35, 161.970, 3, 'Order 29', '2025-08-13 17:45:00'),
(30, 37, 1399.980, 1, 'Order 30', '2025-08-13 18:00:00'),
(31, 39, 579.980, 2, 'Order 31', '2025-08-13 18:15:00'),
(32, 42, 55.980, 3, 'Order 32', '2025-08-13 18:30:00'),
(33, 43, 44.970, 1, 'Order 33', '2025-08-13 18:45:00'),
(34, 46, 119.960, 2, 'Order 34', '2025-08-13 19:00:00'),
(35, 48, 899.990, 3, 'Order 35', '2025-08-13 19:15:00'),
(36, 49, 499.990, 1, 'Order 36', '2025-08-13 19:30:00'),
(37, 52, 14.990, 2, 'Order 37', '2025-08-13 19:45:00'),
(38, 54, 45.990, 3, 'Order 38', '2025-08-13 20:00:00'),
(39, 57, 59.980, 1, 'Order 39', '2025-08-13 20:15:00'),
(40, 59, 25.990, 2, 'Order 40', '2025-08-13 20:30:00'),
(41, 60, 179.980, 3, 'Order 41', '2025-08-13 20:45:00'),
(42, 63, 35.990, 1, 'Order 42', '2025-08-13 21:00:00'),
(43, 65, 39.990, 2, 'Order 43', '2025-08-13 21:15:00'),
(44, 68, 129.980, 3, 'Order 44', '2025-08-13 21:30:00'),
(45, 70, 19.990, 1, 'Order 45', '2025-08-13 21:45:00');

-- Thêm order items
-- LƯU Ý: idoderItem KHÔNG có AUTO_INCREMENT, quantity là VARCHAR(10), price là VARCHAR(45)
INSERT INTO `oderitem` (`idoderItem`, `idorders`, `idproduct`, `quantity`, `price`) VALUES
(21, 21, 21, '2', '15.990'),
(22, 21, 22, '1', '14.990'),
(23, 22, 23, '1', '45.990'),
(24, 22, 24, '2', '29.990'),
(25, 23, 25, '1', '89.990'),
(26, 23, 26, '1', '899.990'),
(27, 24, 27, '1', '499.990'),
(28, 24, 28, '2', '79.990'),
(29, 25, 29, '3', '39.990'),
(30, 25, 30, '2', '35.990'),
(31, 26, 31, '5', '12.990'),
(32, 26, 32, '1', '25.990'),
(33, 27, 33, '2', '19.990'),
(34, 27, 21, '1', '15.990'),
(35, 28, 22, '3', '14.990'),
(36, 28, 23, '1', '14.990'),
(37, 29, 24, '2', '29.990'),
(38, 29, 25, '1', '89.990'),
(39, 30, 26, '1', '899.990'),
(40, 30, 27, '1', '499.990'),
(41, 31, 28, '2', '79.990'),
(42, 31, 29, '5', '79.990'),
(43, 32, 30, '1', '35.990'),
(44, 32, 31, '1', '19.990'),
(45, 33, 32, '1', '25.990'),
(46, 33, 33, '1', '18.990'),
(47, 34, 21, '4', '15.990'),
(48, 34, 22, '4', '14.990'),
(49, 35, 26, '1', '899.990'),
(50, 36, 27, '1', '499.990'),
(51, 37, 22, '1', '14.990'),
(52, 38, 23, '1', '45.990'),
(53, 39, 24, '2', '29.990'),
(54, 40, 32, '1', '25.990'),
(55, 41, 28, '1', '79.990'),
(56, 41, 27, '1', '99.990'),
(57, 42, 30, '1', '35.990'),
(58, 43, 29, '1', '39.990'),
(59, 44, 31, '10', '12.990'),
(60, 45, 33, '1', '19.990');
